day,month,month(Abbreviation),year,year(Abbreviation),first_price,unoff_last_two,unoff_last_three,last_two,first_three1,first_three2,last_three1,last_three2,last_three3,last_three4,
1,กุมภาพันธ์,ก.พ.,2568,68,558700,00,700,51,285,418,NA,NA,685,824,
17,มกราคม,ม.ค.,2568,68,807779,79,779,23,699,961,NA,NA,448,477,
2,มกราคม,ม.ค.,2568,68,730209,09,209,51,065,446,NA,NA,297,376,
16,ธันวาคม,ธ.ค.,2567,67,97863,63,863,21,290,742,NA,NA,339,881,
1,ธันวาคม,ธ.ค.,2567,67,669843,43,843,61,559,626,NA,NA,098,654,
16,พฤศจิกายน,พ.ย.,2567,67,187221,21,221,38,036,923,NA,NA,547,980,
1,พฤศจิกายน,พ.ย.,2567,67,536044,44,044,32,174,225,NA,NA,063,231,
16,ตุลาคม,ต.ค.,2567,67,482962,62,962,00,561,648,NA,NA,493,919,
1,ตุลาคม,ต.ค.,2567,67,718665,65,665,59,053,812,NA,NA,079,566,
16,กันยายน,ก.ย.,2567,67,608662,62,662,37,230,904,NA,NA,008,408,
1,กันยายน,ก.ย.,2567,67,199606,06,606,94,173,220,NA,NA,094,388,
16,สิงหาคม,ส.ค.,2567,67,95867,67,867,28,212,334,NA,NA,697,728,
1,สิงหาคม,ส.ค.,2567,67,407041,41,041,46,408,579,NA,NA,070,622,
16,กรกฎาคม,ก.ค.,2567,67,367336,36,336,21,011,331,NA,NA,421,618,
1,กรกฎาคม,ก.ค.,2567,67,434503,03,503,89,839,975,NA,NA,647,778,
16,มิถุนายน,มิ.ย,2567,67,518504,04,504,31,016,428,NA,NA,426,447,
1,มิถุนายน,มิ.ย,2567,67,530593,93,593,42,194,364,NA,NA,421,734,
16,พฤษภาคม,พ.ค.,2567,67,205690,90,690,60,747,885,NA,NA,070,137,
2,พฤษภาคม,พ.ค.,2567,67,980116,16,116,17,104,763,NA,NA,634,833,
16,เมษายน,เม.ย.,2567,67,943598,98,598,79,727,729,NA,NA,154,200,
1,เมษายน,เม.ย.,2567,67,803481,81,481,90,122,809,NA,NA,559,947,
16,มีนาคม,มี.ค.,2567,67,997626,26,626,78,509,571,NA,NA,329,794,
1,มีนาคม,มี.ค.,2567,67,253603,03,603,79,900,975,NA,NA,382,703,
16,กุมภาพันธ์,ก.พ.,2567,67,941395,95,395,43,056,330,NA,NA,375,587,
1,กุมภาพันธ์,ก.พ.,2567,67,607063,63,063,09,454,943,NA,NA,544,591,
17,มกราคม,ม.ค.,2567,67,105979,79,979,61,429,931,NA,NA,196,635,
30,ธันวาคม,ธ.ค.,2566,66,625544,44,544,89,600,648,NA,NA,456,882,
16,ธันวาคม,ธ.ค.,2566,66,356757,57,757,85,058,410,NA,NA,584,964,
1,ธันวาคม,ธ.ค.,2566,66,251097,97,097,91,055,265,NA,NA,092,280,
16,พฤศจิกายน,พ.ย.,2566,66,557990,90,990,14,346,412,NA,NA,778,961,
1,พฤศจิกายน,พ.ย.,2566,66,743951,51,951,63,335,913,NA,NA,019,349,
16,ตุลาคม,ต.ค.,2566,66,931446,46,446,44,167,398,NA,NA,272,970,
1,ตุลาคม,ต.ค.,2566,66,727202,02,202,66,324,355,NA,NA,426,615,
16,กันยายน,ก.ย.,2566,66,320812,12,812,46,037,699,NA,NA,057,344,
1,กันยายน,ก.ย.,2566,66,915478,78,478,91,521,596,NA,NA,291,692,
16,สิงหาคม,ส.ค.,2566,66,471782,82,782,67,431,739,NA,NA,737,742,
31,กรกฎาคม,ก.ค.,2566,66,260453,53,453,11,268,708,NA,NA,387,601,
16,กรกฎาคม,ก.ค.,2566,66,169530,30,530,62,261,384,NA,NA,066,780,
1,กรกฎาคม,ก.ค.,2566,66,922605,05,605,16,281,867,NA,NA,491,947,
16,มิถุนายน,มิ.ย,2566,66,264872,72,872,30,519,628,NA,NA,202,874,
1,มิถุนายน,มิ.ย,2566,66,125272,72,272,09,000,681,NA,NA,386,971,
16,พฤษภาคม,พ.ค.,2566,66,132903,03,903,99,678,739,NA,NA,693,731,
2,พฤษภาคม,พ.ค.,2566,66,843019,19,019,65,500,780,NA,NA,187,269,
16,เมษายน,เม.ย.,2566,66,984906,06,906,71,670,678,NA,NA,551,797,
1,เมษายน,เม.ย.,2566,66,87907,07,907,99,111,914,NA,NA,290,698,
16,มีนาคม,มี.ค.,2566,66,25873,73,873,73,420,800,NA,NA,355,544,
1,มีนาคม,มี.ค.,2566,66,417652,52,652,55,577,919,NA,NA,748,984,
16,กุมภาพันธ์,ก.พ.,2566,66,590417,17,417,80,195,664,NA,NA,377,523,
1,กุมภาพันธ์,ก.พ.,2566,66,297411,11,411,92,181,789,NA,NA,101,664,
17,มกราคม,ม.ค.,2566,66,812519,19,519,47,389,443,NA,NA,564,849,
30,ธันวาคม,ธ.ค.,2565,65,157196,96,196,58,007,522,NA,NA,250,425,
16,ธันวาคม,ธ.ค.,2565,65,845093,93,093,14,411,912,NA,NA,593,855,
1,ธันวาคม,ธ.ค.,2565,65,375805,05,805,08,170,786,NA,NA,409,421,
16,พฤศจิกายน,พ.ย.,2565,65,121789,89,789,64,532,722,NA,NA,157,973,
1,พฤศจิกายน,พ.ย.,2565,65,913106,06,106,70,722,839,NA,NA,343,922,
16,ตุลาคม,ต.ค.,2565,65,613106,06,106,15,037,158,NA,NA,606,799,
1,ตุลาคม,ต.ค.,2565,65,484669,69,669,50,206,996,NA,NA,194,278,
16,กันยายน,ก.ย.,2565,65,943703,03,703,75,540,971,NA,NA,432,631,
1,กันยายน,ก.ย.,2565,65,929332,32,332,83,298,725,NA,NA,210,604,
16,สิงหาคม,ส.ค.,2565,65,331583,83,583,42,271,300,NA,NA,284,876,
1,สิงหาคม,ส.ค.,2565,65,436594,94,594,14,266,893,NA,NA,282,447,
16,กรกฎาคม,ก.ค.,2565,65,620405,05,405,53,159,834,NA,NA,061,279,
1,กรกฎาคม,ก.ค.,2565,65,981417,17,417,61,242,287,NA,NA,002,542,
16,มิถุนายน,มิ.ย,2565,65,361807,07,807,92,285,549,NA,NA,106,228,
1,มิถุนายน,มิ.ย,2565,65,319196,96,196,02,679,817,NA,NA,213,652,
16,พฤษภาคม,พ.ค.,2565,65,155012,12,012,06,247,736,NA,NA,236,540,
2,พฤษภาคม,พ.ค.,2565,65,658642,42,642,09,518,778,NA,NA,041,325,
16,เมษายน,เม.ย.,2565,65,395919,19,919,58,289,859,NA,NA,413,508,
1,เมษายน,เม.ย.,2565,65,970618,18,618,10,391,738,NA,NA,578,870,
16,มีนาคม,มี.ค.,2565,65,737867,67,867,03,349,985,NA,NA,788,989,
1,มีนาคม,มี.ค.,2565,65,61905,05,905,07,236,834,NA,NA,234,691,
17,กุมภาพันธ์,ก.พ.,2565,65,98597,97,597,57,085,644,NA,NA,592,816,
1,กุมภาพันธ์,ก.พ.,2565,65,944308,08,308,30,061,942,NA,NA,485,509,
17,มกราคม,ม.ค.,2565,65,880159,59,159,92,731,786,NA,NA,119,529,
30,ธันวาคม,ธ.ค.,2564,64,819068,68,068,36,591,979,NA,NA,419,547,
16,ธันวาคม,ธ.ค.,2564,64,639235,35,235,83,097,629,NA,NA,476,522,
1,ธันวาคม,ธ.ค.,2564,64,77258,58,258,82,739,740,NA,NA,401,485,
16,พฤศจิกายน,พ.ย.,2564,64,32761,61,761,57,471,648,NA,NA,245,844,
1,พฤศจิกายน,พ.ย.,2564,64,45037,37,037,95,247,458,NA,NA,331,755,
16,ตุลาคม,ต.ค.,2564,64,386372,72,372,38,602,964,NA,NA,295,798,
1,ตุลาคม,ต.ค.,2564,64,578171,71,171,83,285,361,NA,NA,379,449,
16,กันยายน,ก.ย.,2564,64,70935,35,935,90,609,817,NA,NA,007,379,
1,กันยายน,ก.ย.,2564,64,114475,75,475,79,278,302,NA,NA,123,458,
16,สิงหาคม,ส.ค.,2564,64,46750,50,750,23,421,666,NA,NA,160,355,
1,สิงหาคม,ส.ค.,2564,64,910261,61,261,69,103,307,NA,NA,004,785,
16,กรกฎาคม,ก.ค.,2564,64,556725,25,725,70,058,174,NA,NA,233,927,
1,กรกฎาคม,ก.ค.,2564,64,713517,17,517,29,073,794,NA,NA,414,511,
16,มิถุนายน,มิ.ย,2564,64,691861,61,861,17,007,054,NA,NA,447,668,
1,มิถุนายน,มิ.ย,2564,64,292972,72,972,45,193,620,NA,NA,723,978,
16,พฤษภาคม,พ.ค.,2564,64,684579,79,579,14,615,843,NA,NA,276,970,
2,พฤษภาคม,พ.ค.,2564,64,501272,72,272,18,018,306,NA,NA,129,498,
16,เมษายน,เม.ย.,2564,64,100787,87,787,56,013,143,NA,NA,264,478,
1,เมษายน,เม.ย.,2564,64,472270,70,270,05,283,755,NA,NA,393,577,
16,มีนาคม,มี.ค.,2564,64,890422,22,422,19,036,902,NA,NA,256,396,
1,มีนาคม,มี.ค.,2564,64,835538,38,538,73,290,838,NA,NA,051,806,
16,กุมภาพันธ์,ก.พ.,2564,64,424603,03,603,39,318,861,NA,NA,057,817,
1,กุมภาพันธ์,ก.พ.,2564,64,912307,07,307,97,248,605,NA,NA,282,651,
17,มกราคม,ม.ค.,2564,64,384395,95,395,15,367,653,NA,NA,566,878,
30,ธันวาคม,ธ.ค.,2563,63,803628,28,628,19,336,804,NA,NA,321,924,
16,ธันวาคม,ธ.ค.,2563,63,201303,03,303,70,377,828,NA,NA,072,517,
1,ธันวาคม,ธ.ค.,2563,63,100994,94,994,84,093,776,NA,NA,834,984,
16,พฤศจิกายน,พ.ย.,2563,63,972661,61,661,46,368,741,NA,NA,208,255,
1,พฤศจิกายน,พ.ย.,2563,63,506404,04,404,40,154,598,NA,NA,062,245,
16,ตุลาคม,ต.ค.,2563,63,286051,51,051,38,189,464,NA,NA,045,980,
1,ตุลาคม,ต.ค.,2563,63,837893,93,893,59,594,757,NA,NA,110,595,
16,กันยายน,ก.ย.,2563,63,244083,83,083,57,127,220,NA,NA,623,853,
1,กันยายน,ก.ย.,2563,63,999997,97,997,98,636,725,NA,NA,342,957,
16,สิงหาคม,ส.ค.,2563,63,945811,11,811,88,614,712,NA,NA,364,733,
1,สิงหาคม,ส.ค.,2563,63,569391,91,391,92,575,931,NA,NA,578,809,
16,กรกฎาคม,ก.ค.,2563,63,873286,86,286,53,510,533,NA,NA,494,682,
1,กรกฎาคม,ก.ค.,2563,63,347258,58,258,83,095,362,NA,NA,094,307,
16,มิถุนายน,มิ.ย,2563,63,516967,67,967,64,876,882,NA,NA,565,625,
1,มิถุนายน,มิ.ย,2563,63,831567,67,567,24,264,489,NA,NA,562,582,
1,เมษายน,เม.ย.,2563,63,51095,95,095,22,285,430,NA,NA,191,364,
16,มีนาคม,มี.ค.,2563,63,503446,46,446,77,258,726,NA,NA,404,661,
1,มีนาคม,มี.ค.,2563,63,875938,38,938,98,294,328,NA,NA,597,780,
16,กุมภาพันธ์,ก.พ.,2563,63,781403,03,403,94,515,952,NA,NA,030,918,
1,กุมภาพันธ์,ก.พ.,2563,63,589227,27,227,06,259,552,NA,NA,375,927,
17,มกราคม,ม.ค.,2563,63,491774,74,774,68,004,132,NA,NA,379,595,
30,ธันวาคม,ธ.ค.,2562,62,510541,41,541,81,116,382,NA,NA,140,250,
16,ธันวาคม,ธ.ค.,2562,62,529924,24,924,97,043,138,NA,NA,555,665,
1,ธันวาคม,ธ.ค.,2562,62,453522,22,522,81,261,617,NA,NA,013,457,
16,พฤศจิกายน,พ.ย.,2562,62,17223,23,223,32,164,640,NA,NA,085,194,
1,พฤศจิกายน,พ.ย.,2562,62,967375,75,375,79,323,806,NA,NA,021,206,
16,ตุลาคม,ต.ค.,2562,62,812564,64,564,15,255,625,NA,NA,132,598,
1,ตุลาคม,ต.ค.,2562,62,691197,97,197,59,392,920,NA,NA,606,797,
16,กันยายน,ก.ย.,2562,62,340388,88,388,85,733,947,NA,NA,925,939,
1,กันยายน,ก.ย.,2562,62,798787,87,787,20,210,847,NA,NA,274,439,
16,สิงหาคม,ส.ค.,2562,62,775476,76,476,89,149,912,NA,NA,563,580,
1,สิงหาคม,ส.ค.,2562,62,387006,06,006,58,135,983,NA,NA,562,795,
15,กรกฎาคม,ก.ค.,2562,62,369765,65,765,88,355,901,NA,NA,113,556,
1,กรกฎาคม,ก.ค.,2562,62,943647,47,647,86,239,864,NA,NA,006,375,
16,มิถุนายน,มิ.ย,2562,62,174055,55,055,29,625,884,NA,NA,127,800,
1,มิถุนายน,มิ.ย,2562,62,516461,61,461,46,589,713,NA,NA,215,560,
16,พฤษภาคม,พ.ค.,2562,62,962526,26,526,71,669,949,NA,NA,018,828,
2,พฤษภาคม,พ.ค.,2562,62,61324,24,324,25,043,476,NA,NA,374,699,
16,เมษายน,เม.ย.,2562,62,570331,31,331,23,512,930,NA,NA,966,968,
1,เมษายน,เม.ย.,2562,62,109767,67,767,52,888,959,NA,NA,403,975,
16,มีนาคม,มี.ค.,2562,62,724628,28,628,64,148,883,NA,NA,154,877,
1,มีนาคม,มี.ค.,2562,62,345650,50,650,65,137,999,NA,NA,830,837,
16,กุมภาพันธ์,ก.พ.,2562,62,74824,24,824,56,881,910,NA,NA,612,879,
1,กุมภาพันธ์,ก.พ.,2562,62,967134,34,134,04,643,779,NA,NA,197,948,
17,มกราคม,ม.ค.,2562,62,197079,79,079,65,206,412,NA,NA,127,660,
30,ธันวาคม,ธ.ค.,2561,61,735867,67,867,02,031,913,NA,NA,701,884,
16,ธันวาคม,ธ.ค.,2561,61,356564,64,564,62,480,948,NA,NA,297,369,
1,ธันวาคม,ธ.ค.,2561,61,21840,40,840,67,045,307,NA,NA,561,988,
16,พฤศจิกายน,พ.ย.,2561,61,989903,03,903,16,471,930,NA,NA,140,876,
1,พฤศจิกายน,พ.ย.,2561,61,149840,40,840,58,384,576,NA,NA,046,509,
16,ตุลาคม,ต.ค.,2561,61,200515,15,515,93,186,392,NA,NA,192,212,
1,ตุลาคม,ต.ค.,2561,61,452643,43,643,99,594,726,NA,NA,561,810,
16,กันยายน,ก.ย.,2561,61,149760,60,760,79,323,539,NA,NA,155,297,
1,กันยายน,ก.ย.,2561,61,734510,10,510,26,464,512,NA,NA,097,202,
16,สิงหาคม,ส.ค.,2561,61,586117,17,117,10,340,670,NA,NA,591,815,
1,สิงหาคม,ส.ค.,2561,61,386602,02,602,78,832,903,NA,NA,549,726,
16,กรกฎาคม,ก.ค.,2561,61,596324,24,324,27,403,530,NA,NA,138,362,
1,กรกฎาคม,ก.ค.,2561,61,963623,23,623,83,429,901,NA,NA,210,217,
16,มิถุนายน,มิ.ย,2561,61,223131,31,131,46,432,507,NA,NA,132,868,
1,มิถุนายน,มิ.ย,2561,61,988117,17,117,95,310,553,NA,NA,248,650,
16,พฤษภาคม,พ.ค.,2561,61,75629,29,629,20,130,357,NA,NA,047,506,
2,พฤษภาคม,พ.ค.,2561,61,248038,38,038,85,527,980,NA,NA,225,602,
16,เมษายน,เม.ย.,2561,61,739229,29,229,60,273,654,NA,NA,076,526,
1,เมษายน,เม.ย.,2561,61,412073,73,073,85,131,787,NA,NA,638,924,
16,มีนาคม,มี.ค.,2561,61,218559,59,559,82,064,720,NA,NA,205,489,
2,มีนาคม,มี.ค.,2561,61,759415,15,415,29,318,870,NA,NA,589,723,
16,กุมภาพันธ์,ก.พ.,2561,61,309915,15,915,39,007,388,NA,NA,230,748,
1,กุมภาพันธ์,ก.พ.,2561,61,26853,53,853,31,106,947,NA,NA,181,519,
17,มกราคม,ม.ค.,2561,61,203823,23,823,50,624,799,NA,NA,236,397,
30,ธันวาคม,ธ.ค.,2560,60,911234,34,234,98,373,495,NA,NA,504,953,
16,ธันวาคม,ธ.ค.,2560,60,955596,96,596,89,616,836,NA,NA,290,938,
1,ธันวาคม,ธ.ค.,2560,60,451005,05,005,33,303,626,NA,NA,257,601,
16,พฤศจิกายน,พ.ย.,2560,60,292391,91,391,98,831,961,NA,NA,477,628,
1,พฤศจิกายน,พ.ย.,2560,60,533726,26,726,85,165,425,NA,NA,036,485,
16,ตุลาคม,ต.ค.,2560,60,413494,94,494,86,180,971,NA,NA,128,287,
1,ตุลาคม,ต.ค.,2560,60,880714,14,714,52,611,726,NA,NA,462,952,
16,กันยายน,ก.ย.,2560,60,170143,43,143,71,172,647,NA,NA,340,388,
1,กันยายน,ก.ย.,2560,60,143224,24,224,65,345,679,NA,NA,195,278,
16,สิงหาคม,ส.ค.,2560,60,715431,31,431,37,115,302,NA,NA,253,945,
1,สิงหาคม,ส.ค.,2560,60,756519,19,519,36,061,386,NA,NA,787,989,
16,กรกฎาคม,ก.ค.,2560,60,820327,27,327,87,584,835,NA,NA,390,823,
1,กรกฎาคม,ก.ค.,2560,60,112360,60,360,26,226,489,NA,NA,005,688,
16,มิถุนายน,มิ.ย,2560,60,943142,42,142,47,626,878,NA,NA,373,740,
1,มิถุนายน,มิ.ย,2560,60,53630,30,630,61,121,218,NA,NA,581,881,
16,พฤษภาคม,พ.ค.,2560,60,454891,91,891,53,008,396,NA,NA,490,603,
2,พฤษภาคม,พ.ค.,2560,60,8656,56,656,35,573,949,NA,NA,773,923,
16,เมษายน,เม.ย.,2560,60,816729,29,729,40,766,973,NA,NA,241,807,
1,เมษายน,เม.ย.,2560,60,392785,85,785,80,020,057,NA,NA,500,709,
16,มีนาคม,มี.ค.,2560,60,273863,63,863,92,324,918,NA,NA,694,941,
1,มีนาคม,มี.ค.,2560,60,978453,53,453,78,450,560,NA,NA,052,577,
16,กุมภาพันธ์,ก.พ.,2560,60,229116,16,116,14,128,464,NA,NA,375,953,
1,กุมภาพันธ์,ก.พ.,2560,60,54672,72,672,42,066,807,NA,NA,426,628,
17,มกราคม,ม.ค.,2560,60,145157,57,157,25,511,663,NA,NA,516,836,
30,ธันวาคม,ธ.ค.,2559,59,377712,12,712,46,304,890,NA,NA,477,769,
16,ธันวาคม,ธ.ค.,2559,59,435286,86,286,35,366,596,NA,NA,199,716,
1,ธันวาคม,ธ.ค.,2559,59,86069,69,069,77,513,873,NA,NA,148,450,
16,พฤศจิกายน,พ.ย.,2559,59,858383,83,383,44,040,682,NA,NA,558,570,
1,พฤศจิกายน,พ.ย.,2559,59,785438,38,438,86,824,976,NA,NA,038,752,
16,ตุลาคม,ต.ค.,2559,59,571947,47,947,98,692,885,NA,NA,032,587,
1,ตุลาคม,ต.ค.,2559,59,887102,02,102,33,194,280,NA,NA,017,458,
16,กันยายน,ก.ย.,2559,59,240650,50,650,42,493,583,NA,NA,043,160,
1,กันยายน,ก.ย.,2559,59,638684,84,684,62,334,335,NA,NA,630,669,
16,สิงหาคม,ส.ค.,2559,59,254004,04,004,33,366,966,NA,NA,596,631,
1,สิงหาคม,ส.ค.,2559,59,272932,32,932,57,538,983,NA,NA,472,871,
16,กรกฎาคม,ก.ค.,2559,59,449764,64,764,55,552,734,NA,NA,158,925,
1,กรกฎาคม,ก.ค.,2559,59,82460,60,460,53,169,609,NA,NA,173,302,
16,มิถุนายน,มิ.ย,2559,59,73816,16,816,79,251,804,NA,NA,321,749,
1,มิถุนายน,มิ.ย,2559,59,511825,25,825,14,111,775,NA,NA,880,937,
16,พฤษภาคม,พ.ค.,2559,59,141737,37,737,98,382,975,NA,NA,087,268,
2,พฤษภาคม,พ.ค.,2559,59,399459,59,459,02,238,403,NA,NA,046,671,
16,เมษายน,เม.ย.,2559,59,221609,09,609,87,008,228,NA,NA,507,523,
1,เมษายน,เม.ย.,2559,59,66720,20,720,92,390,546,NA,NA,285,852,
16,มีนาคม,มี.ค.,2559,59,134918,18,918,32,855,877,NA,NA,004,973,
1,มีนาคม,มี.ค.,2559,59,439686,86,686,06,426,530,NA,NA,155,743,
16,กุมภาพันธ์,ก.พ.,2559,59,356364,64,364,98,312,699,NA,NA,309,535,
1,กุมภาพันธ์,ก.พ.,2559,59,927800,00,800,09,625,999,NA,NA,054,076,
17,มกราคม,ม.ค.,2559,59,304371,71,371,50,031,532,NA,NA,743,786,
30,ธันวาคม,ธ.ค.,2558,58,8217,17,217,02,246,264,NA,NA,596,895,
17,ธันวาคม,ธ.ค.,2558,58,930255,55,255,08,140,250,NA,NA,094,638,
1,ธันวาคม,ธ.ค.,2558,58,915350,50,350,78,238,181,NA,NA,714,175,
16,พฤศจิกายน,พ.ย.,2558,58,795283,83,283,03,241,028,NA,NA,643,802,
1,พฤศจิกายน,พ.ย.,2558,58,361211,11,211,45,106,757,NA,NA,166,473,
16,ตุลาคม,ต.ค.,2558,58,968630,30,630,62,457,134,NA,NA,412,054,
1,ตุลาคม,ต.ค.,2558,58,594825,25,825,07,175,918,NA,NA,440,799,
16,กันยายน,ก.ย.,2558,58,743148,48,148,06,435,209,NA,NA,375,084,
1,กันยายน,ก.ย.,2558,58,21094,94,094,89,260,403,NA,NA,068,819,
16,สิงหาคม,ส.ค.,2558,58,33363,63,363,40,NA,NA,781,227,624,648,
1,สิงหาคม,ส.ค.,2558,58,518677,77,677,53,NA,NA,333,598,648,889,
16,กรกฎาคม,ก.ค.,2558,58,121507,07,507,49,NA,NA,761,461,830,294,
1,กรกฎาคม,ก.ค.,2558,58,759049,49,049,26,NA,NA,565,814,081,567,
16,มิถุนายน,มิ.ย,2558,58,644742,42,742,05,NA,NA,429,253,386,532,
2,มิถุนายน,มิ.ย,2558,58,388881,81,881,65,NA,NA,314,700,876,969,
16,พฤษภาคม,พ.ค.,2558,58,11421,21,421,38,NA,NA,799,484,851,928,
2,พฤษภาคม,พ.ค.,2558,58,543466,66,466,30,NA,NA,818,163,366,195,
16,เมษายน,เม.ย.,2558,58,506260,60,260,38,NA,NA,101,164,495,973,
1,เมษายน,เม.ย.,2558,58,605704,04,704,70,NA,NA,558,962,557,861,
16,มีนาคม,มี.ค.,2558,58,48151,51,151,92,NA,NA,339,622,623,757,
1,มีนาคม,มี.ค.,2558,58,240237,37,237,34,NA,NA,498,031,857,008,
16,กุมภาพันธ์,ก.พ.,2558,58,1864,64,864,90,NA,NA,843,103,825,392,
1,กุมภาพันธ์,ก.พ.,2558,58,155537,37,537,79,NA,NA,083,286,813,008,
16,มกราคม,ม.ค.,2558,58,244351,51,351,74,NA,NA,068,398,595,877,
30,ธันวาคม,ธ.ค.,2557,57,461704,04,704,57,NA,NA,853,982,535,950,
16,ธันวาคม,ธ.ค.,2557,57,948354,54,354,90,NA,NA,080,763,775,901,
1,ธันวาคม,ธ.ค.,2557,57,480449,49,449,11,NA,NA,820,380,580,161,
16,พฤศจิกายน,พ.ย.,2557,57,479804,04,804,25,NA,NA,179,422,480,709,
1,พฤศจิกายน,พ.ย.,2557,57,206608,08,608,44,NA,NA,607,203,855,979,
16,ตุลาคม,ต.ค.,2557,57,656409,09,409,94,NA,NA,647,784,848,910,
1,ตุลาคม,ต.ค.,2557,57,375615,15,615,44,NA,NA,251,086,159,520,
16,กันยายน,ก.ย.,2557,57,772269,69,269,35,NA,NA,112,257,342,790,
1,กันยายน,ก.ย.,2557,57,856763,63,763,22,NA,NA,308,912,477,490,
16,สิงหาคม,ส.ค.,2557,57,662842,42,842,91,NA,NA,639,912,187,633,
1,สิงหาคม,ส.ค.,2557,57,766391,91,391,82,NA,NA,349,576,623,637,
16,กรกฎาคม,ก.ค.,2557,57,468728,28,728,45,NA,NA,104,944,117,205,
1,กรกฎาคม,ก.ค.,2557,57,378477,77,477,39,NA,NA,123,271,441,864,
16,มิถุนายน,มิ.ย,2557,57,673920,20,920,95,NA,NA,158,140,639,576,
1,มิถุนายน,มิ.ย,2557,57,781198,98,198,18,NA,NA,160,324,409,636,
16,พฤษภาคม,พ.ค.,2557,57,87523,23,523,20,NA,NA,150,505,112,246,
2,พฤษภาคม,พ.ค.,2557,57,103297,97,297,52,NA,NA,143,158,673,797,
16,เมษายน,เม.ย.,2557,57,153406,06,406,26,NA,NA,344,013,355,634,
1,เมษายน,เม.ย.,2557,57,28866,66,866,95,NA,NA,186,499,835,938,
16,มีนาคม,มี.ค.,2557,57,531404,04,404,79,NA,NA,250,305,400,904,
1,มีนาคม,มี.ค.,2557,57,906318,18,318,35,NA,NA,116,537,753,798,
16,กุมภาพันธ์,ก.พ.,2557,57,384245,45,245,01,NA,NA,397,530,074,521,
1,กุมภาพันธ์,ก.พ.,2557,57,180149,49,149,95,NA,NA,406,492,888,976,
16,มกราคม,ม.ค.,2557,57,306902,02,902,52,NA,NA,242,077,149,510,
30,ธันวาคม,ธ.ค.,2556,56,561072,72,072,48,NA,NA,513,750,503,275,
16,ธันวาคม,ธ.ค.,2556,56,341767,67,767,79,NA,NA,111,228,742,826,
1,ธันวาคม,ธ.ค.,2556,56,168795,95,795,27,NA,NA,734,766,074,980,
16,พฤศจิกายน,พ.ย.,2556,56,806925,25,925,28,NA,NA,069,304,672,753,
1,พฤศจิกายน,พ.ย.,2556,56,739804,04,804,47,NA,NA,502,020,256,173,
16,ตุลาคม,ต.ค.,2556,56,963289,89,289,60,NA,NA,402,529,876,952,
1,ตุลาคม,ต.ค.,2556,56,647882,82,882,14,NA,NA,576,324,650,028,
16,กันยายน,ก.ย.,2556,56,562684,84,684,63,NA,NA,056,235,574,754,
1,กันยายน,ก.ย.,2556,56,548123,23,123,05,NA,NA,281,570,800,045,
16,สิงหาคม,ส.ค.,2556,56,321327,27,327,20,NA,NA,417,945,448,201,
1,สิงหาคม,ส.ค.,2556,56,356435,35,435,82,NA,NA,880,451,718,329,
16,กรกฎาคม,ก.ค.,2556,56,566996,96,996,86,NA,NA,352,210,584,526,
1,กรกฎาคม,ก.ค.,2556,56,646905,05,905,51,NA,NA,075,284,903,904,
16,มิถุนายน,มิ.ย,2556,56,289673,73,673,69,NA,NA,390,098,114,502,
1,มิถุนายน,มิ.ย,2556,56,935489,89,489,90,NA,NA,480,713,716,768,
16,พฤษภาคม,พ.ค.,2556,56,687125,25,125,56,NA,NA,034,261,390,945,
2,พฤษภาคม,พ.ค.,2556,56,603458,58,458,07,NA,NA,272,359,516,830,
16,เมษายน,เม.ย.,2556,56,843846,46,846,86,NA,NA,834,862,906,828,
1,เมษายน,เม.ย.,2556,56,571688,88,688,53,NA,NA,170,430,670,725,
16,มีนาคม,มี.ค.,2556,56,968433,33,433,52,NA,NA,860,959,175,529,
1,มีนาคม,มี.ค.,2556,56,976241,41,241,37,NA,NA,972,721,133,775,
16,กุมภาพันธ์,ก.พ.,2556,56,368257,57,257,09,NA,NA,657,708,109,386,
1,กุมภาพันธ์,ก.พ.,2556,56,565566,66,566,66,NA,NA,452,695,641,782,
16,มกราคม,ม.ค.,2556,56,820981,81,981,08,NA,NA,555,196,374,334,
30,ธันวาคม,ธ.ค.,2555,55,302358,58,358,00,NA,NA,589,864,126,832,
16,ธันวาคม,ธ.ค.,2555,55,529524,24,524,72,NA,NA,734,745,778,008,
1,ธันวาคม,ธ.ค.,2555,55,110443,43,443,43,NA,NA,434,553,489,303,
16,พฤศจิกายน,พ.ย.,2555,55,639500,00,500,15,NA,NA,576,560,804,627,
1,พฤศจิกายน,พ.ย.,2555,55,524694,94,694,63,NA,NA,217,188,285,338,
16,ตุลาคม,ต.ค.,2555,55,281343,43,343,28,NA,NA,152,089,396,868,
1,ตุลาคม,ต.ค.,2555,55,124025,25,025,58,NA,NA,940,554,291,873,
16,กันยายน,ก.ย.,2555,55,540143,43,143,79,NA,NA,242,752,123,770,
1,กันยายน,ก.ย.,2555,55,329997,97,997,07,NA,NA,736,598,148,639,
16,สิงหาคม,ส.ค.,2555,55,683877,77,877,28,NA,NA,032,612,775,730,
1,สิงหาคม,ส.ค.,2555,55,895590,90,590,50,NA,NA,820,599,796,745,
16,กรกฎาคม,ก.ค.,2555,55,904050,50,050,11,NA,NA,897,224,159,042,
1,กรกฎาคม,ก.ค.,2555,55,915900,00,900,60,NA,NA,715,656,530,611,
16,มิถุนายน,มิ.ย,2555,55,159373,73,373,51,NA,NA,238,790,479,547,
1,มิถุนายน,มิ.ย,2555,55,882727,27,727,38,NA,NA,606,576,895,399,
16,พฤษภาคม,พ.ค.,2555,55,814418,18,418,31,NA,NA,504,309,902,101,
2,พฤษภาคม,พ.ค.,2555,55,889501,01,501,29,NA,NA,589,597,426,468,
16,เมษายน,เม.ย.,2555,55,583470,70,470,62,NA,NA,216,088,722,754,
1,เมษายน,เม.ย.,2555,55,257562,62,562,69,NA,NA,581,074,616,332,
16,มีนาคม,มี.ค.,2555,55,607064,64,064,08,NA,NA,606,333,573,350,
1,มีนาคม,มี.ค.,2555,55,222518,18,518,79,NA,NA,295,135,711,199,
16,กุมภาพันธ์,ก.พ.,2555,55,648684,84,684,18,NA,NA,906,214,111,420,
1,กุมภาพันธ์,ก.พ.,2555,55,320605,05,605,32,NA,NA,749,426,498,598,
16,มกราคม,ม.ค.,2555,55,451445,45,445,81,NA,NA,328,150,941,639,
30,ธันวาคม,ธ.ค.,2554,54,526402,02,402,65,NA,NA,168,026,541,597,
16,ธันวาคม,ธ.ค.,2554,54,884178,78,178,21,NA,NA,784,235,651,295,
1,ธันวาคม,ธ.ค.,2554,54,408147,47,147,02,NA,NA,922,253,857,739,
16,พฤศจิกายน,พ.ย.,2554,54,997777,77,777,57,NA,NA,425,551,406,993,
1,พฤศจิกายน,พ.ย.,2554,54,805540,40,540,54,NA,NA,771,380,065,221,
16,ตุลาคม,ต.ค.,2554,54,955756,56,756,83,NA,NA,991,057,329,507,
1,ตุลาคม,ต.ค.,2554,54,511052,52,052,15,NA,NA,957,104,189,499,
16,กันยายน,ก.ย.,2554,54,731198,98,198,28,NA,NA,384,645,812,589,
1,กันยายน,ก.ย.,2554,54,724533,33,533,85,NA,NA,847,021,533,821,
16,สิงหาคม,ส.ค.,2554,54,536960,60,960,62,NA,NA,814,345,074,005,
1,สิงหาคม,ส.ค.,2554,54,218756,56,756,12,NA,NA,703,583,660,221,
16,กรกฎาคม,ก.ค.,2554,54,116556,56,556,12,NA,NA,227,052,534,609,
1,กรกฎาคม,ก.ค.,2554,54,622953,53,953,51,NA,NA,390,160,780,463,
16,มิถุนายน,มิ.ย,2554,54,351276,76,276,88,NA,NA,486,167,162,582,
1,มิถุนายน,มิ.ย,2554,54,562370,70,370,46,NA,NA,656,346,801,556,
16,พฤษภาคม,พ.ค.,2554,54,406417,17,417,05,NA,NA,700,044,071,889,
2,พฤษภาคม,พ.ค.,2554,54,54136,36,136,85,NA,NA,421,945,133,524,
16,เมษายน,เม.ย.,2554,54,825988,88,988,44,NA,NA,263,213,397,593,
1,เมษายน,เม.ย.,2554,54,814931,31,931,01,NA,NA,723,584,040,036,
16,มีนาคม,มี.ค.,2554,54,593331,31,331,96,NA,NA,209,945,463,737,
1,มีนาคม,มี.ค.,2554,54,656037,37,037,97,NA,NA,544,357,926,396,
16,กุมภาพันธ์,ก.พ.,2554,54,481746,46,746,27,NA,NA,535,510,384,388,
1,กุมภาพันธ์,ก.พ.,2554,54,610089,89,089,55,NA,NA,596,361,121,432,
16,มกราคม,ม.ค.,2554,54,281062,62,062,23,NA,NA,227,185,758,546,
30,ธันวาคม,ธ.ค.,2553,53,884112,12,112,49,NA,NA,936,153,186,933,
16,ธันวาคม,ธ.ค.,2553,53,334380,80,380,24,NA,NA,529,315,533,306,
1,ธันวาคม,ธ.ค.,2553,53,181752,52,752,09,NA,NA,664,470,474,086,
16,พฤศจิกายน,พ.ย.,2553,53,813993,93,993,43,NA,NA,763,979,907,129,
1,พฤศจิกายน,พ.ย.,2553,53,191100,00,100,59,NA,NA,653,968,801,739,
16,ตุลาคม,ต.ค.,2553,53,621377,77,377,42,NA,NA,310,518,385,872,
1,ตุลาคม,ต.ค.,2553,53,488372,72,372,02,NA,NA,091,996,003,246,
16,กันยายน,ก.ย.,2553,53,17422,22,422,66,NA,NA,103,316,431,075,
1,กันยายน,ก.ย.,2553,53,354656,56,656,11,NA,NA,784,570,656,096,
16,สิงหาคม,ส.ค.,2553,53,911097,97,097,64,NA,NA,986,578,448,689,
1,สิงหาคม,ส.ค.,2553,53,210008,08,008,10,NA,NA,769,182,727,191,
16,กรกฎาคม,ก.ค.,2553,53,180387,87,387,34,NA,NA,309,219,572,024,
1,กรกฎาคม,ก.ค.,2553,53,480239,39,239,68,NA,NA,893,450,918,961,
16,มิถุนายน,มิ.ย,2553,53,500104,04,104,73,NA,NA,200,628,681,816,
1,มิถุนายน,มิ.ย,2553,53,444874,74,874,81,NA,NA,374,298,996,673,
16,พฤษภาคม,พ.ค.,2553,53,480012,12,012,12,NA,NA,293,151,770,008,
2,พฤษภาคม,พ.ค.,2553,53,360371,71,371,06,NA,NA,382,040,517,618,
16,เมษายน,เม.ย.,2553,53,211743,43,743,96,NA,NA,811,744,154,285,
1,เมษายน,เม.ย.,2553,53,959517,17,517,22,NA,NA,174,663,447,040,
16,มีนาคม,มี.ค.,2553,53,364222,22,222,97,NA,NA,619,996,229,756,
1,มีนาคม,มี.ค.,2553,53,215227,27,227,97,NA,NA,457,627,374,470,
16,กุมภาพันธ์,ก.พ.,2553,53,133707,07,707,03,NA,NA,137,026,362,985,
1,กุมภาพันธ์,ก.พ.,2553,53,186312,12,312,14,NA,NA,936,577,694,403,
16,มกราคม,ม.ค.,2553,53,73577,77,577,67,NA,NA,413,459,781,646,
30,ธันวาคม,ธ.ค.,2552,52,994304,04,304,87,NA,NA,993,337,419,598,
16,ธันวาคม,ธ.ค.,2552,52,685141,41,141,05,NA,NA,694,775,524,142,
1,ธันวาคม,ธ.ค.,2552,52,776980,80,980,59,NA,NA,937,188,412,252,
16,พฤศจิกายน,พ.ย.,2552,52,55986,86,986,58,NA,NA,299,952,072,536,
1,พฤศจิกายน,พ.ย.,2552,52,689140,40,140,85,NA,NA,366,923,642,465,
16,ตุลาคม,ต.ค.,2552,52,258487,87,487,00,NA,NA,174,135,226,122,
1,ตุลาคม,ต.ค.,2552,52,169387,87,387,06,NA,NA,249,435,714,255,
16,กันยายน,ก.ย.,2552,52,202912,12,912,48,NA,NA,200,353,539,166,
1,กันยายน,ก.ย.,2552,52,15865,65,865,32,NA,NA,435,447,446,924,
16,สิงหาคม,ส.ค.,2552,52,462933,33,933,96,NA,NA,843,292,577,658,
1,สิงหาคม,ส.ค.,2552,52,154986,86,986,92,NA,NA,688,239,421,374,
16,กรกฎาคม,ก.ค.,2552,52,816,16,816,94,NA,NA,005,177,356,836,
1,กรกฎาคม,ก.ค.,2552,52,207542,42,542,66,NA,NA,233,107,799,385,
16,มิถุนายน,มิ.ย,2552,52,930456,56,456,15,NA,NA,125,044,954,179,
1,มิถุนายน,มิ.ย,2552,52,777661,61,661,26,NA,NA,242,097,240,642,
16,พฤษภาคม,พ.ค.,2552,52,111411,11,411,54,NA,NA,368,838,362,892,
2,พฤษภาคม,พ.ค.,2552,52,294452,52,452,11,NA,NA,222,549,947,301,
16,เมษายน,เม.ย.,2552,52,368415,15,415,33,NA,NA,954,179,007,570,
1,เมษายน,เม.ย.,2552,52,816578,78,578,50,NA,NA,572,363,113,044,
16,มีนาคม,มี.ค.,2552,52,268812,12,812,36,NA,NA,228,929,424,063,
1,มีนาคม,มี.ค.,2552,52,553091,91,091,67,NA,NA,224,238,665,295,
16,กุมภาพันธ์,ก.พ.,2552,52,38730,30,730,93,NA,NA,961,939,115,434,
1,กุมภาพันธ์,ก.พ.,2552,52,534533,33,533,69,NA,NA,660,777,015,427,
16,มกราคม,ม.ค.,2552,52,743212,12,212,25,NA,NA,266,800,842,885,
30,ธันวาคม,ธ.ค.,2551,51,218596,96,596,22,NA,NA,094,197,831,984,
16,ธันวาคม,ธ.ค.,2551,51,74114,14,114,25,NA,NA,305,715,803,959,
1,ธันวาคม,ธ.ค.,2551,51,205434,34,434,05,NA,NA,013,260,617,957,
16,พฤศจิกายน,พ.ย.,2551,51,2612,12,612,20,NA,NA,068,589,824,877,
1,พฤศจิกายน,พ.ย.,2551,51,272028,28,028,76,NA,NA,285,333,421,929,
16,ตุลาคม,ต.ค.,2551,51,431277,77,277,98,NA,NA,324,526,644,648,
1,ตุลาคม,ต.ค.,2551,51,882911,11,911,67,NA,NA,204,302,311,395,
16,กันยายน,ก.ย.,2551,51,12377,77,377,56,NA,NA,378,534,557,691,
1,กันยายน,ก.ย.,2551,51,695993,93,993,09,NA,NA,027,206,413,904,
16,สิงหาคม,ส.ค.,2551,51,380377,77,377,36,NA,NA,161,445,457,744,
1,สิงหาคม,ส.ค.,2551,51,850348,48,348,11,NA,NA,236,386,408,913,
16,กรกฎาคม,ก.ค.,2551,51,257374,74,374,41,NA,NA,344,401,486,576,
1,กรกฎาคม,ก.ค.,2551,51,943671,71,671,50,NA,NA,096,287,490,523,
16,มิถุนายน,มิ.ย,2551,51,729111,11,111,75,NA,NA,339,345,639,870,
1,มิถุนายน,มิ.ย,2551,51,414875,75,875,35,NA,NA,370,666,747,916,
16,พฤษภาคม,พ.ค.,2551,51,329231,31,231,69,NA,NA,193,120,355,214,
2,พฤษภาคม,พ.ค.,2551,51,453011,11,011,62,NA,NA,001,133,001,792,
16,เมษายน,เม.ย.,2551,51,982800,00,800,64,NA,NA,802,584,043,008,
1,เมษายน,เม.ย.,2551,51,12653,53,653,71,NA,NA,124,195,200,586,
16,มีนาคม,มี.ค.,2551,51,74946,46,946,33,NA,NA,077,974,085,158,
1,มีนาคม,มี.ค.,2551,51,936685,85,685,05,NA,NA,056,085,371,691,
16,กุมภาพันธ์,ก.พ.,2551,51,137054,54,054,80,NA,NA,344,512,630,892,
1,กุมภาพันธ์,ก.พ.,2551,51,212684,84,684,26,NA,NA,311,472,732,796,
16,มกราคม,ม.ค.,2551,51,556010,10,010,81,NA,NA,413,548,942,965,
30,ธันวาคม,ธ.ค.,2550,50,595411,11,411,81,NA,NA,267,490,741,787,
16,ธันวาคม,ธ.ค.,2550,50,513501,01,501,96,NA,NA,425,432,460,702,
1,ธันวาคม,ธ.ค.,2550,50,113410,10,410,18,NA,NA,418,485,627,659,
16,พฤศจิกายน,พ.ย.,2550,50,562481,81,481,73,NA,NA,130,198,752,844,
1,พฤศจิกายน,พ.ย.,2550,50,927907,07,907,88,NA,NA,213,277,524,648,
16,ตุลาคม,ต.ค.,2550,50,32988,88,988,48,NA,NA,158,663,685,846,
1,ตุลาคม,ต.ค.,2550,50,430667,67,667,76,NA,NA,090,104,126,667,
16,กันยายน,ก.ย.,2550,50,499336,36,336,45,NA,NA,247,273,604,608,
1,กันยายน,ก.ย.,2550,50,331810,10,810,69,NA,NA,293,505,518,520,
16,สิงหาคม,ส.ค.,2550,50,476207,07,207,93,NA,NA,234,236,312,424,
1,สิงหาคม,ส.ค.,2550,50,429924,24,924,29,NA,NA,006,048,885,962,
16,กรกฎาคม,ก.ค.,2550,50,527384,84,384,77,NA,NA,105,183,334,947,
1,กรกฎาคม,ก.ค.,2550,50,565151,51,151,76,NA,NA,146,287,638,949,
16,มิถุนายน,มิ.ย,2550,50,393194,94,194,41,NA,NA,989,907,424,589,
1,มิถุนายน,มิ.ย,2550,50,836393,93,393,05,NA,NA,739,242,523,433,
16,พฤษภาคม,พ.ค.,2550,50,232897,97,897,25,NA,NA,924,858,751,585,
2,พฤษภาคม,พ.ค.,2550,50,430374,74,374,81,NA,NA,553,442,881,729,
16,เมษายน,เม.ย.,2550,50,405105,05,105,63,NA,NA,013,987,866,522,
1,เมษายน,เม.ย.,2550,50,622780,80,780,93,NA,NA,677,794,814,022,
16,มีนาคม,มี.ค.,2550,50,876763,63,763,85,NA,NA,191,001,906,350,
1,มีนาคม,มี.ค.,2550,50,742425,25,425,61,NA,NA,949,294,942,801,
16,กุมภาพันธ์,ก.พ.,2550,50,277859,59,859,95,NA,NA,625,607,979,384,
1,กุมภาพันธ์,ก.พ.,2550,50,769925,25,925,56,NA,NA,893,239,287,865,
16,มกราคม,ม.ค.,2550,50,838739,39,739,55,NA,NA,293,263,845,803,
30,ธันวาคม,ธ.ค.,2549,49,778584,84,584,07,NA,NA,811,403,164,971,
16,ธันวาคม,ธ.ค.,2549,49,147977,77,977,45,NA,NA,439,694,647,197,
1,ธันวาคม,ธ.ค.,2549,49,270052,52,052,12,NA,NA,621,462,091,236,
16,พฤศจิกายน,พ.ย.,2549,49,562856,56,856,94,NA,NA,508,307,680,347,
1,พฤศจิกายน,พ.ย.,2549,49,910957,57,957,29,NA,NA,647,739,137,905,
16,ตุลาคม,ต.ค.,2549,49,264825,25,825,58,NA,NA,903,092,358,832,
1,ตุลาคม,ต.ค.,2549,49,952335,35,335,92,NA,NA,007,804,879,951,
16,กันยายน,ก.ย.,2549,49,217948,48,948,41,NA,NA,916,290,864,121,
1,กันยายน,ก.ย.,2549,49,381761,61,761,44,NA,NA,600,693,093,626,
16,สิงหาคม,ส.ค.,2549,49,977486,86,486,91,NA,NA,221,305,230,103,
1,สิงหาคม,ส.ค.,2549,49,238654,54,654,88,NA,NA,847,005,817,487,
16,กรกฎาคม,ก.ค.,2549,49,512434,34,434,48,NA,NA,989,098,518,432,
1,กรกฎาคม,ก.ค.,2549,49,952890,90,890,65,NA,NA,126,183,017,839,
16,มิถุนายน,มิ.ย,2549,49,100935,35,935,17,NA,NA,381,410,595,250,
1,มิถุนายน,มิ.ย,2549,49,810850,50,850,99,NA,NA,526,149,382,664,
16,พฤษภาคม,พ.ค.,2549,49,100344,44,344,71,NA,NA,386,463,811,696,
2,พฤษภาคม,พ.ค.,2549,49,24554,54,554,27,NA,NA,006,438,082,117,
16,เมษายน,เม.ย.,2549,49,38564,64,564,49,NA,NA,210,442,769,877,
1,เมษายน,เม.ย.,2549,49,738365,65,365,95,NA,NA,064,955,301,522,
16,มีนาคม,มี.ค.,2549,49,936177,77,177,30,NA,NA,486,185,205,320,
1,มีนาคม,มี.ค.,2549,49,582473,73,473,43,NA,NA,586,801,108,914,
16,กุมภาพันธ์,ก.พ.,2549,49,317009,09,009,66,NA,NA,784,240,135,280,
1,กุมภาพันธ์,ก.พ.,2549,49,412729,29,729,87,NA,NA,915,720,149,384,
16,มกราคม,ม.ค.,2549,49,432747,47,747,79,NA,NA,222,789,965,200,
30,ธันวาคม,ธ.ค.,2548,48,492955,55,955,94,NA,NA,066,308,742,150,
16,ธันวาคม,ธ.ค.,2548,48,449565,65,565,86,NA,NA,802,162,958,994,
1,ธันวาคม,ธ.ค.,2548,48,388551,51,551,17,NA,NA,072,764,027,770,
16,พฤศจิกายน,พ.ย.,2548,48,742518,18,518,80,NA,NA,502,741,887,137,
1,พฤศจิกายน,พ.ย.,2548,48,970577,77,577,98,NA,NA,171,375,009,216,
16,ตุลาคม,ต.ค.,2548,48,41072,72,072,71,NA,NA,346,913,410,269,
1,ตุลาคม,ต.ค.,2548,48,766482,82,482,24,NA,NA,766,551,792,275,
16,กันยายน,ก.ย.,2548,48,214768,68,768,10,NA,NA,498,282,124,057,
1,กันยายน,ก.ย.,2548,48,316933,33,933,17,NA,NA,123,338,969,047,
16,สิงหาคม,ส.ค.,2548,48,475560,60,560,68,NA,NA,272,844,103,915,
1,สิงหาคม,ส.ค.,2548,48,961633,33,633,26,NA,NA,055,152,386,272,
16,กรกฎาคม,ก.ค.,2548,48,477452,52,452,13,NA,NA,757,150,460,642,
1,กรกฎาคม,ก.ค.,2548,48,9554,54,554,87,NA,NA,798,427,641,244,
16,มิถุนายน,มิ.ย,2548,48,793070,70,070,44,NA,NA,806,021,074,605,
1,มิถุนายน,มิ.ย,2548,48,176893,93,893,35,NA,NA,176,579,616,405,
16,พฤษภาคม,พ.ค.,2548,48,867134,34,134,97,NA,NA,376,648,465,693,
2,พฤษภาคม,พ.ค.,2548,48,772467,67,467,43,NA,NA,017,383,815,073,
16,เมษายน,เม.ย.,2548,48,119327,27,327,10,NA,NA,081,968,346,627,
1,เมษายน,เม.ย.,2548,48,815753,53,753,69,NA,NA,482,381,224,807,
16,มีนาคม,มี.ค.,2548,48,196345,45,345,03,NA,NA,073,601,783,394,
1,มีนาคม,มี.ค.,2548,48,800751,51,751,93,NA,NA,681,714,998,669,
16,กุมภาพันธ์,ก.พ.,2548,48,816422,22,422,53,NA,NA,086,356,192,065,
1,กุมภาพันธ์,ก.พ.,2548,48,540054,54,054,34,NA,NA,389,180,863,571,
16,มกราคม,ม.ค.,2548,48,335022,22,022,08,NA,NA,689,291,039,479,
30,ธันวาคม,ธ.ค.,2547,47,168858,58,858,28,NA,NA,221,603,627,179,
16,ธันวาคม,ธ.ค.,2547,47,479372,72,372,17,NA,NA,288,075,999,183,
1,ธันวาคม,ธ.ค.,2547,47,504658,58,658,69,NA,NA,139,014,984,691,
16,พฤศจิกายน,พ.ย.,2547,47,754622,22,622,64,NA,NA,918,019,744,904,
1,พฤศจิกายน,พ.ย.,2547,47,185966,66,966,23,NA,NA,862,137,745,661,
16,ตุลาคม,ต.ค.,2547,47,355858,58,858,62,NA,NA,162,200,438,890,
1,ตุลาคม,ต.ค.,2547,47,110866,66,866,66,NA,NA,200,547,781,806,
16,กันยายน,ก.ย.,2547,47,923373,73,373,59,NA,NA,295,888,774,867,
1,กันยายน,ก.ย.,2547,47,96597,97,597,70,NA,NA,709,929,014,456,
16,สิงหาคม,ส.ค.,2547,47,335921,21,921,59,NA,NA,114,082,559,288,
2,สิงหาคม,ส.ค.,2547,47,868990,90,990,45,NA,NA,956,811,510,377,
16,กรกฎาคม,ก.ค.,2547,47,205588,88,588,25,NA,NA,696,726,461,154,
1,กรกฎาคม,ก.ค.,2547,47,312471,71,471,66,NA,NA,313,598,664,261,
16,มิถุนายน,มิ.ย,2547,47,208713,13,713,87,NA,NA,414,911,459,986,
1,มิถุนายน,มิ.ย,2547,47,614144,44,144,72,NA,NA,990,776,425,992,
16,พฤษภาคม,พ.ค.,2547,47,589207,07,207,13,NA,NA,492,992,526,253,
2,พฤษภาคม,พ.ค.,2547,47,653403,03,403,91,NA,NA,385,550,822,101,
16,เมษายน,เม.ย.,2547,47,705832,32,832,12,NA,NA,008,966,634,721,
1,เมษายน,เม.ย.,2547,47,196391,91,391,62,NA,NA,808,918,257,851,
16,มีนาคม,มี.ค.,2547,47,615366,66,366,69,NA,NA,779,094,478,830,
1,มีนาคม,มี.ค.,2547,47,697483,83,483,50,NA,NA,610,510,759,206,
16,กุมภาพันธ์,ก.พ.,2547,47,698002,02,002,00,NA,NA,877,309,798,072,
1,กุมภาพันธ์,ก.พ.,2547,47,216822,22,822,77,NA,NA,361,242,769,765,
16,มกราคม,ม.ค.,2547,47,731342,42,342,96,NA,NA,025,357,926,391,
30,ธันวาคม,ธ.ค.,2546,46,739447,47,447,64,NA,NA,654,435,743,216,
16,ธันวาคม,ธ.ค.,2546,46,177947,47,947,87,NA,NA,676,847,735,571,
1,ธันวาคม,ธ.ค.,2546,46,991307,07,307,78,NA,NA,945,719,559,217,
16,พฤศจิกายน,พ.ย.,2546,46,238511,11,511,68,NA,NA,155,767,594,474,
1,พฤศจิกายน,พ.ย.,2546,46,941438,38,438,47,NA,NA,866,156,216,264,
16,ตุลาคม,ต.ค.,2546,46,305500,00,500,03,NA,NA,109,012,084,470,
1,ตุลาคม,ต.ค.,2546,46,912040,40,040,43,NA,NA,407,100,379,563,
16,กันยายน,ก.ย.,2546,46,600589,89,589,53,NA,NA,909,356,996,494,
1,กันยายน,ก.ย.,2546,46,187813,13,813,92,NA,NA,661,918,793,249,
16,สิงหาคม,ส.ค.,2546,46,354771,71,771,00,NA,NA,496,271,206,624,
1,สิงหาคม,ส.ค.,2546,46,766098,98,098,91,NA,NA,733,856,007,460,
16,กรกฎาคม,ก.ค.,2546,46,679545,45,545,75,NA,NA,049,589,281,363,
1,กรกฎาคม,ก.ค.,2546,46,461414,14,414,91,NA,NA,151,878,395,282,
16,มิถุนายน,มิ.ย,2546,46,389872,72,872,29,NA,NA,605,995,922,006,
1,มิถุนายน,มิ.ย,2546,46,766066,66,066,36,NA,NA,083,523,354,686,
16,พฤษภาคม,พ.ค.,2546,46,552784,84,784,20,NA,NA,608,048,699,362,
2,พฤษภาคม,พ.ค.,2546,46,135603,03,603,12,NA,NA,498,870,386,522,
16,เมษายน,เม.ย.,2546,46,892525,25,525,21,NA,NA,933,906,796,823,
1,เมษายน,เม.ย.,2546,46,933164,64,164,86,NA,NA,467,863,732,902,
16,มีนาคม,มี.ค.,2546,46,653062,62,062,64,NA,NA,820,208,702,038,
1,มีนาคม,มี.ค.,2546,46,441022,22,022,42,NA,NA,322,026,707,628,
17,กุมภาพันธ์,ก.พ.,2546,46,455578,78,578,61,NA,NA,805,496,980,857,
1,กุมภาพันธ์,ก.พ.,2546,46,456370,70,370,94,NA,NA,661,429,806,229,
16,มกราคม,ม.ค.,2546,46,977085,85,085,06,NA,NA,441,535,519,262,
30,ธันวาคม,ธ.ค.,2545,45,895196,96,196,95,NA,NA,191,116,689,609,
16,ธันวาคม,ธ.ค.,2545,45,19682,82,682,67,NA,NA,616,312,075,849,
1,ธันวาคม,ธ.ค.,2545,45,968422,22,422,37,NA,NA,298,088,337,809,
16,พฤศจิกายน,พ.ย.,2545,45,915344,44,344,55,NA,NA,191,843,789,906,
1,พฤศจิกายน,พ.ย.,2545,45,505498,98,498,25,NA,NA,341,297,747,383,
16,ตุลาคม,ต.ค.,2545,45,428641,41,641,51,NA,NA,150,401,244,177,
1,ตุลาคม,ต.ค.,2545,45,802505,05,505,72,NA,NA,864,567,358,189,
16,กันยายน,ก.ย.,2545,45,156050,50,050,85,NA,NA,056,889,823,169,
1,กันยายน,ก.ย.,2545,45,994200,00,200,51,NA,NA,126,799,046,395,
16,สิงหาคม,ส.ค.,2545,45,120108,08,108,57,NA,NA,705,173,953,147,
1,สิงหาคม,ส.ค.,2545,45,493438,38,438,88,NA,NA,269,645,544,529,
16,กรกฎาคม,ก.ค.,2545,45,340264,64,264,69,NA,NA,304,632,539,034,
1,กรกฎาคม,ก.ค.,2545,45,481447,47,447,24,NA,NA,195,517,763,802,
16,มิถุนายน,มิ.ย,2545,45,73261,61,261,07,NA,NA,472,156,662,845,
1,มิถุนายน,มิ.ย,2545,45,161149,49,149,02,NA,NA,879,643,328,485,
16,พฤษภาคม,พ.ค.,2545,45,598714,14,714,76,NA,NA,765,725,394,508,
2,พฤษภาคม,พ.ค.,2545,45,590664,64,664,56,NA,NA,764,739,695,503,
16,เมษายน,เม.ย.,2545,45,522630,30,630,37,NA,NA,586,949,997,085,
1,เมษายน,เม.ย.,2545,45,990543,43,543,57,NA,NA,971,430,225,456,
16,มีนาคม,มี.ค.,2545,45,659152,52,152,04,NA,NA,370,066,707,943,
1,มีนาคม,มี.ค.,2545,45,805590,90,590,55,NA,NA,748,715,434,856,
16,กุมภาพันธ์,ก.พ.,2545,45,330853,53,853,92,NA,NA,167,820,088,769,
1,กุมภาพันธ์,ก.พ.,2545,45,633270,70,270,40,NA,NA,956,414,621,859,
16,มกราคม,ม.ค.,2545,45,709670,70,670,14,NA,NA,895,116,434,109,
30,ธันวาคม,ธ.ค.,2544,44,729367,67,367,64,NA,NA,873,974,611,107,
16,ธันวาคม,ธ.ค.,2544,44,224675,75,675,19,NA,NA,887,538,363,902,
1,ธันวาคม,ธ.ค.,2544,44,737022,22,022,49,NA,NA,713,461,773,925,
16,พฤศจิกายน,พ.ย.,2544,44,685706,06,706,74,NA,NA,339,976,600,275,
1,พฤศจิกายน,พ.ย.,2544,44,683472,72,472,52,NA,NA,392,081,694,431,
16,ตุลาคม,ต.ค.,2544,44,975005,05,005,48,NA,NA,070,626,110,670,
1,ตุลาคม,ต.ค.,2544,44,104154,54,154,15,NA,NA,827,303,287,058,
16,กันยายน,ก.ย.,2544,44,616426,26,426,82,NA,NA,995,806,291,089,
1,กันยายน,ก.ย.,2544,44,119067,67,067,14,NA,NA,145,294,218,532,
16,สิงหาคม,ส.ค.,2544,44,690135,35,135,10,NA,NA,217,717,900,588,
1,สิงหาคม,ส.ค.,2544,44,180597,97,597,11,NA,NA,602,086,864,848,
16,กรกฎาคม,ก.ค.,2544,44,820715,15,715,50,NA,NA,250,171,282,767,
1,กรกฎาคม,ก.ค.,2544,44,107987,87,987,34,NA,NA,364,296,985,546,
16,มิถุนายน,มิ.ย,2544,44,762394,94,394,75,NA,NA,550,395,606,922,
1,มิถุนายน,มิ.ย,2544,44,113311,11,311,80,NA,NA,490,983,310,920,
16,พฤษภาคม,พ.ค.,2544,44,91982,82,982,61,NA,NA,437,507,055,080,
2,พฤษภาคม,พ.ค.,2544,44,205095,95,095,64,NA,NA,980,543,294,099,
16,เมษายน,เม.ย.,2544,44,140843,43,843,28,NA,NA,031,952,800,378,
1,เมษายน,เม.ย.,2544,44,640998,98,998,49,NA,NA,600,061,407,877,
16,มีนาคม,มี.ค.,2544,44,633616,16,616,45,NA,NA,400,773,903,350,
1,มีนาคม,มี.ค.,2544,44,836537,37,537,85,NA,NA,356,147,292,380,
16,กุมภาพันธ์,ก.พ.,2544,44,621267,67,267,47,NA,NA,155,275,673,305,
1,กุมภาพันธ์,ก.พ.,2544,44,454703,03,703,13,NA,NA,089,437,245,063,
16,มกราคม,ม.ค.,2544,44,737016,16,016,36,NA,NA,358,515,778,035,
30,ธันวาคม,ธ.ค.,2543,43,119451,51,451,31,NA,NA,600,763,985,357,
16,ธันวาคม,ธ.ค.,2543,43,969676,76,676,91,NA,NA,555,267,313,605,
1,ธันวาคม,ธ.ค.,2543,43,887956,56,956,56,NA,NA,454,664,170,933,
16,พฤศจิกายน,พ.ย.,2543,43,565311,11,311,10,NA,NA,494,381,044,304,
1,พฤศจิกายน,พ.ย.,2543,43,93182,82,182,90,NA,NA,046,606,818,407,
16,ตุลาคม,ต.ค.,2543,43,620662,62,662,39,NA,NA,276,607,133,372,
1,ตุลาคม,ต.ค.,2543,43,290582,82,582,26,NA,NA,690,436,618,070,
16,กันยายน,ก.ย.,2543,43,46251,51,251,05,NA,NA,933,806,860,230,
1,กันยายน,ก.ย.,2543,43,437367,67,367,52,NA,NA,952,290,365,474,
16,สิงหาคม,ส.ค.,2543,43,459013,13,013,57,NA,NA,087,378,155,120,
1,สิงหาคม,ส.ค.,2543,43,267540,40,540,18,NA,NA,881,930,665,463,
16,กรกฎาคม,ก.ค.,2543,43,931342,42,342,43,NA,NA,397,237,739,656,
1,กรกฎาคม,ก.ค.,2543,43,674071,71,071,29,NA,NA,946,761,689,190,
16,มิถุนายน,มิ.ย,2543,43,825696,96,696,57,NA,NA,592,832,311,771,
1,มิถุนายน,มิ.ย,2543,43,592761,61,761,16,NA,NA,716,705,981,810,
16,พฤษภาคม,พ.ค.,2543,43,9315,15,315,56,NA,NA,226,035,929,174,
2,พฤษภาคม,พ.ค.,2543,43,70715,15,715,20,NA,NA,422,287,979,740,
16,เมษายน,เม.ย.,2543,43,836777,77,777,63,NA,NA,950,273,131,362,
1,เมษายน,เม.ย.,2543,43,963948,48,948,99,NA,NA,477,535,511,018,
16,มีนาคม,มี.ค.,2543,43,164311,11,311,65,NA,NA,009,460,071,326,
1,มีนาคม,มี.ค.,2543,43,997833,33,833,63,NA,NA,817,250,627,416,
16,กุมภาพันธ์,ก.พ.,2543,43,729816,16,816,91,NA,NA,631,916,618,181,
1,กุมภาพันธ์,ก.พ.,2543,43,530213,13,213,85,NA,NA,109,926,094,597,
16,มกราคม,ม.ค.,2543,43,442183,83,183,82,NA,NA,540,950,269,847,
30,ธันวาคม,ธ.ค.,2542,42,51108,08,108,03,NA,NA,061,263,540,301,
16,ธันวาคม,ธ.ค.,2542,42,139853,53,853,30,NA,NA,131,688,143,656,
1,ธันวาคม,ธ.ค.,2542,42,669281,81,281,79,NA,NA,952,896,999,999,
16,พฤศจิกายน,พ.ย.,2542,42,764354,54,354,14,NA,NA,978,723,324,293,
1,พฤศจิกายน,พ.ย.,2542,42,561335,35,335,03,NA,NA,655,882,570,141,
16,ตุลาคม,ต.ค.,2542,42,410227,27,227,28,NA,NA,468,304,750,467,
1,ตุลาคม,ต.ค.,2542,42,830676,76,676,80,NA,NA,287,215,167,234,
16,กันยายน,ก.ย.,2542,42,807506,06,506,46,NA,NA,593,268,283,734,
1,กันยายน,ก.ย.,2542,42,591344,44,344,33,NA,NA,261,237,275,861,
16,สิงหาคม,ส.ค.,2542,42,340998,98,998,65,NA,NA,696,333,371,111,
1,สิงหาคม,ส.ค.,2542,42,56860,60,860,98,NA,NA,688,064,303,994,
16,กรกฎาคม,ก.ค.,2542,42,70416,16,416,03,NA,NA,138,349,343,004,
1,กรกฎาคม,ก.ค.,2542,42,386441,41,441,67,NA,NA,152,987,001,211,
16,มิถุนายน,มิ.ย,2542,42,278794,94,794,63,NA,NA,917,422,859,742,
1,มิถุนายน,มิ.ย,2542,42,77626,26,626,08,NA,NA,606,177,951,340,
16,พฤษภาคม,พ.ค.,2542,42,618818,18,818,16,NA,NA,843,074,884,870,
2,พฤษภาคม,พ.ค.,2542,42,691483,83,483,45,NA,NA,686,003,715,184,
16,เมษายน,เม.ย.,2542,42,625094,94,094,35,NA,NA,394,432,067,859,
1,เมษายน,เม.ย.,2542,42,479957,57,957,92,NA,NA,713,471,858,670,
16,มีนาคม,มี.ค.,2542,42,577278,78,278,63,NA,NA,089,418,606,415,
2,มีนาคม,มี.ค.,2542,42,660214,14,214,58,NA,NA,645,612,927,479,
16,กุมภาพันธ์,ก.พ.,2542,42,307213,13,213,41,NA,NA,456,091,404,782,
1,กุมภาพันธ์,ก.พ.,2542,42,342860,60,860,69,NA,NA,361,048,735,752,
16,มกราคม,ม.ค.,2542,42,190611,11,611,13,NA,NA,186,543,854,976,
30,ธันวาคม,ธ.ค.,2541,41,464147,47,147,50,NA,NA,778,094,924,983,
16,ธันวาคม,ธ.ค.,2541,41,181813,13,813,55,NA,NA,306,175,498,560,
1,ธันวาคม,ธ.ค.,2541,41,836569,69,569,58,NA,NA,115,075,944,200,
16,พฤศจิกายน,พ.ย.,2541,41,270744,44,744,20,NA,NA,480,763,785,794,
1,พฤศจิกายน,พ.ย.,2541,41,920846,46,846,29,NA,NA,081,316,044,289,
16,ตุลาคม,ต.ค.,2541,41,261080,80,080,74,NA,NA,461,935,755,695,
1,ตุลาคม,ต.ค.,2541,41,987844,44,844,18,NA,NA,806,286,728,470,
16,กันยายน,ก.ย.,2541,41,65720,20,720,65,NA,NA,782,584,401,311,
1,กันยายน,ก.ย.,2541,41,872795,95,795,96,NA,NA,316,042,551,060,
16,สิงหาคม,ส.ค.,2541,41,81784,84,784,91,NA,NA,724,464,644,677,
1,สิงหาคม,ส.ค.,2541,41,748493,93,493,22,NA,NA,015,001,771,862,
16,กรกฎาคม,ก.ค.,2541,41,599991,91,991,52,NA,NA,012,401,904,935,
1,กรกฎาคม,ก.ค.,2541,41,595123,23,123,65,NA,NA,076,101,606,314,
16,มิถุนายน,มิ.ย,2541,41,858076,76,076,19,NA,NA,235,316,219,533,
1,มิถุนายน,มิ.ย,2541,41,820088,88,088,67,NA,NA,014,649,781,530,
16,พฤษภาคม,พ.ค.,2541,41,840043,43,043,63,NA,NA,984,258,981,950,
2,พฤษภาคม,พ.ค.,2541,41,663807,07,807,72,NA,NA,802,946,143,325,
16,เมษายน,เม.ย.,2541,41,146573,73,573,17,NA,NA,202,153,705,664,
1,เมษายน,เม.ย.,2541,41,496930,30,930,66,NA,NA,454,563,882,786,
16,มีนาคม,มี.ค.,2541,41,572701,01,701,79,NA,NA,260,852,943,506,
1,มีนาคม,มี.ค.,2541,41,236864,64,864,74,NA,NA,867,285,127,562,
16,กุมภาพันธ์,ก.พ.,2541,41,612897,97,897,69,NA,NA,460,234,356,213,
1,กุมภาพันธ์,ก.พ.,2541,41,665959,59,959,48,NA,NA,381,685,788,941,
16,มกราคม,ม.ค.,2541,41,947195,95,195,34,NA,NA,425,185,833,792,
30,ธันวาคม,ธ.ค.,2540,40,675704,04,704,65,NA,NA,044,327,977,788,
16,ธันวาคม,ธ.ค.,2540,40,294240,40,240,71,NA,NA,975,762,142,408,
1,ธันวาคม,ธ.ค.,2540,40,241559,59,559,86,NA,NA,392,982,677,168,
16,พฤศจิกายน,พ.ย.,2540,40,875462,62,462,99,NA,NA,539,573,730,038,
1,พฤศจิกายน,พ.ย.,2540,40,974201,01,201,39,NA,NA,830,877,283,064,
16,ตุลาคม,ต.ค.,2540,40,405124,24,124,98,NA,NA,280,356,459,125,
1,ตุลาคม,ต.ค.,2540,40,444413,13,413,24,NA,NA,808,689,746,698,
16,กันยายน,ก.ย.,2540,40,527514,14,514,98,NA,NA,251,335,687,935,
1,กันยายน,ก.ย.,2540,40,83537,37,537,59,NA,NA,132,319,658,716,
16,สิงหาคม,ส.ค.,2540,40,156967,67,967,30,NA,NA,235,957,596,569,
1,สิงหาคม,ส.ค.,2540,40,54272,72,272,31,NA,NA,797,145,414,440,
16,กรกฎาคม,ก.ค.,2540,40,509691,91,691,67,NA,NA,982,623,750,944,
1,กรกฎาคม,ก.ค.,2540,40,676573,73,573,11,NA,NA,909,620,412,092,
16,มิถุนายน,มิ.ย,2540,40,537146,46,146,61,NA,NA,635,769,982,504,
1,มิถุนายน,มิ.ย,2540,40,643997,97,997,24,NA,NA,507,918,784,060,
16,พฤษภาคม,พ.ค.,2540,40,88067,67,067,52,NA,NA,510,621,896,769,
2,พฤษภาคม,พ.ค.,2540,40,388437,37,437,38,NA,NA,025,656,056,728,
16,เมษายน,เม.ย.,2540,40,551450,50,450,92,NA,NA,654,165,279,085,
1,เมษายน,เม.ย.,2540,40,617629,29,629,52,NA,NA,426,162,880,015,
16,มีนาคม,มี.ค.,2540,40,100474,74,474,36,NA,NA,444,822,705,214,
1,มีนาคม,มี.ค.,2540,40,976779,79,779,98,NA,NA,148,414,791,364,
16,กุมภาพันธ์,ก.พ.,2540,40,499884,84,884,94,NA,NA,716,247,533,315,
1,กุมภาพันธ์,ก.พ.,2540,40,750792,92,792,57,NA,NA,402,771,703,079,
16,มกราคม,ม.ค.,2540,40,151995,95,995,47,NA,NA,612,257,020,381,
30,ธันวาคม,ธ.ค.,2539,39,879454,54,454,26,NA,NA,879,314,158,584,
16,ธันวาคม,ธ.ค.,2539,39,593856,56,856,44,NA,NA,381,755,608,438,
1,ธันวาคม,ธ.ค.,2539,39,179528,28,528,66,NA,NA,822,365,920,566,
16,พฤศจิกายน,พ.ย.,2539,39,951088,88,088,21,NA,NA,168,349,580,577,
1,พฤศจิกายน,พ.ย.,2539,39,512694,94,694,24,NA,NA,290,432,255,964,
16,ตุลาคม,ต.ค.,2539,39,198019,19,019,18,NA,NA,082,270,865,824,
1,ตุลาคม,ต.ค.,2539,39,947788,88,788,97,NA,NA,089,166,544,484,
16,กันยายน,ก.ย.,2539,39,814368,68,368,59,NA,NA,889,818,976,400,
1,กันยายน,ก.ย.,2539,39,470136,36,136,02,NA,NA,392,666,927,501,
16,สิงหาคม,ส.ค.,2539,39,352768,68,768,19,NA,NA,389,932,609,875,
1,สิงหาคม,ส.ค.,2539,39,151091,91,091,61,NA,NA,646,650,833,669,
16,กรกฎาคม,ก.ค.,2539,39,332687,87,687,91,NA,NA,771,547,281,010,
1,กรกฎาคม,ก.ค.,2539,39,625379,79,379,76,NA,NA,666,298,094,543,
16,มิถุนายน,มิ.ย,2539,39,318311,11,311,21,NA,NA,649,118,735,916,
1,มิถุนายน,มิ.ย,2539,39,869656,56,656,81,NA,NA,422,126,961,584,
17,พฤษภาคม,พ.ค.,2539,39,978140,40,140,75,NA,NA,321,443,718,523,
2,พฤษภาคม,พ.ค.,2539,39,247351,51,351,54,NA,NA,175,234,661,978,
16,เมษายน,เม.ย.,2539,39,49584,84,584,77,NA,NA,435,222,155,052,
1,เมษายน,เม.ย.,2539,39,660765,65,765,90,NA,NA,701,338,839,278,
16,มีนาคม,มี.ค.,2539,39,19128,28,128,27,NA,NA,673,796,694,526,
1,มีนาคม,มี.ค.,2539,39,304855,55,855,72,NA,NA,760,664,443,945,
16,กุมภาพันธ์,ก.พ.,2539,39,681455,55,455,49,NA,NA,977,664,428,779,
1,กุมภาพันธ์,ก.พ.,2539,39,256556,56,556,26,NA,NA,906,705,549,994,
16,มกราคม,ม.ค.,2539,39,318302,02,302,21,NA,NA,882,444,661,971,
30,ธันวาคม,ธ.ค.,2538,38,327686,86,686,04,NA,NA,748,456,145,928,
16,ธันวาคม,ธ.ค.,2538,38,952808,08,808,68,NA,NA,732,540,639,064,
1,ธันวาคม,ธ.ค.,2538,38,714426,26,426,74,NA,NA,516,427,387,073,
16,พฤศจิกายน,พ.ย.,2538,38,239422,22,422,85,NA,NA,078,883,776,756,
1,พฤศจิกายน,พ.ย.,2538,38,282069,69,069,07,NA,NA,962,564,194,393,
16,ตุลาคม,ต.ค.,2538,38,322154,54,154,86,NA,NA,924,192,716,233,
1,ตุลาคม,ต.ค.,2538,38,317092,92,092,76,NA,NA,139,819,088,296,
16,กันยายน,ก.ย.,2538,38,876454,54,454,51,NA,NA,558,297,582,802,
1,กันยายน,ก.ย.,2538,38,620837,37,837,83,NA,NA,693,872,255,644,
16,สิงหาคม,ส.ค.,2538,38,265333,33,333,51,NA,NA,235,455,618,342,
1,สิงหาคม,ส.ค.,2538,38,464819,19,819,59,NA,NA,070,274,669,293,
16,กรกฎาคม,ก.ค.,2538,38,248122,22,122,96,NA,NA,571,085,303,758,
1,กรกฎาคม,ก.ค.,2538,38,939901,01,901,19,NA,NA,428,940,667,879,
16,มิถุนายน,มิ.ย,2538,38,46698,98,698,82,NA,NA,678,785,507,393,
1,มิถุนายน,มิ.ย,2538,38,105615,15,615,17,NA,NA,374,735,168,688,
17,พฤษภาคม,พ.ค.,2538,38,220381,81,381,55,NA,NA,460,597,511,488,
2,พฤษภาคม,พ.ค.,2538,38,504692,92,692,88,NA,NA,304,886,268,273,
16,เมษายน,เม.ย.,2538,38,53581,81,581,99,NA,NA,560,968,681,376,
1,เมษายน,เม.ย.,2538,38,427039,39,039,06,NA,NA,254,926,674,978,
16,มีนาคม,มี.ค.,2538,38,646847,47,847,67,NA,NA,225,044,091,220,
1,มีนาคม,มี.ค.,2538,38,411454,54,454,71,NA,NA,034,019,022,152,
16,กุมภาพันธ์,ก.พ.,2538,38,869070,70,070,95,NA,NA,828,597,462,126,
1,กุมภาพันธ์,ก.พ.,2538,38,198162,62,162,48,NA,NA,195,087,805,574,
16,มกราคม,ม.ค.,2538,38,922388,88,388,40,NA,NA,186,667,253,002,
30,ธันวาคม,ธ.ค.,2537,37,6284069,69,069,90,NA,NA,798,713,339,744,
16,ธันวาคม,ธ.ค.,2537,37,5100040,40,040,50,NA,NA,654,129,766,544,
1,ธันวาคม,ธ.ค.,2537,37,6832681,81,681,02,NA,NA,342,923,448,043,
16,พฤศจิกายน,พ.ย.,2537,37,6095849,49,849,82,NA,NA,504,902,225,816,
1,พฤศจิกายน,พ.ย.,2537,37,1676779,79,779,76,NA,NA,110,365,096,840,
16,ตุลาคม,ต.ค.,2537,37,7583048,48,048,79,NA,NA,165,294,428,024,
1,ตุลาคม,ต.ค.,2537,37,7128442,42,442,23,NA,NA,623,251,229,243,
16,กันยายน,ก.ย.,2537,37,4781931,31,931,88,NA,NA,046,255,164,886,
1,กันยายน,ก.ย.,2537,37,6220893,93,893,67,NA,NA,891,718,949,701,
16,สิงหาคม,ส.ค.,2537,37,6504760,60,760,28,NA,NA,303,724,897,677,
1,สิงหาคม,ส.ค.,2537,37,3114057,57,057,85,NA,NA,396,149,026,758,
16,กรกฎาคม,ก.ค.,2537,37,5962891,91,891,74,NA,NA,424,686,628,622,
1,กรกฎาคม,ก.ค.,2537,37,6568267,67,267,39,NA,NA,372,902,868,445,
16,มิถุนายน,มิ.ย,2537,37,1947355,55,355,53,NA,NA,302,583,524,669,
1,มิถุนายน,มิ.ย,2537,37,3560804,04,804,17,NA,NA,474,564,989,164,
16,พฤษภาคม,พ.ค.,2537,37,2071764,64,764,29,NA,NA,093,544,535,746,
2,พฤษภาคม,พ.ค.,2537,37,3072877,77,877,69,NA,NA,535,317,170,521,
16,เมษายน,เม.ย.,2537,37,7893913,13,913,21,NA,NA,785,982,151,594,
1,เมษายน,เม.ย.,2537,37,4269815,15,815,29,NA,NA,675,035,704,868,
16,มีนาคม,มี.ค.,2537,37,1723336,36,336,19,NA,NA,382,166,515,185,
1,มีนาคม,มี.ค.,2537,37,3373731,31,731,41,NA,NA,082,631,008,820,
16,กุมภาพันธ์,ก.พ.,2537,37,7679044,44,044,76,NA,NA,943,520,753,486,
1,กุมภาพันธ์,ก.พ.,2537,37,5984685,85,685,05,NA,NA,173,746,268,396,
16,มกราคม,ม.ค.,2537,37,4791270,70,270,23,NA,NA,873,237,845,708,
30,ธันวาคม,ธ.ค.,2536,36,2669189,89,189,72,NA,NA,874,902,069,037,
16,ธันวาคม,ธ.ค.,2536,36,4043500,00,500,69,NA,NA,646,156,478,253,
1,ธันวาคม,ธ.ค.,2536,36,3670638,38,638,98,NA,NA,294,139,959,608,
16,พฤศจิกายน,พ.ย.,2536,36,7515123,23,123,82,NA,NA,410,507,184,112,
1,พฤศจิกายน,พ.ย.,2536,36,3908940,40,940,94,NA,NA,701,103,895,626,
16,ตุลาคม,ต.ค.,2536,36,7611764,64,764,58,NA,NA,254,216,684,566,
1,ตุลาคม,ต.ค.,2536,36,3415973,73,973,26,NA,NA,489,401,928,682,
16,กันยายน,ก.ย.,2536,36,4286755,55,755,11,NA,NA,296,963,890,504,
1,กันยายน,ก.ย.,2536,36,2812096,96,096,00,NA,NA,738,227,181,218,
16,สิงหาคม,ส.ค.,2536,36,4088644,44,644,86,NA,NA,030,260,200,033,
1,สิงหาคม,ส.ค.,2536,36,4137744,44,744,06,NA,NA,273,778,446,905,
16,กรกฎาคม,ก.ค.,2536,36,5686061,61,061,21,NA,NA,865,873,702,818,
1,กรกฎาคม,ก.ค.,2536,36,3820203,03,203,29,NA,NA,729,189,206,213,
16,มิถุนายน,มิ.ย,2536,36,2119871,71,871,39,NA,NA,146,955,961,223,
1,มิถุนายน,มิ.ย,2536,36,3488477,77,477,61,NA,NA,813,645,011,815,
16,พฤษภาคม,พ.ค.,2536,36,1633983,83,983,53,NA,NA,109,740,812,606,
2,พฤษภาคม,พ.ค.,2536,36,7749508,08,508,99,NA,NA,532,916,661,783,
16,เมษายน,เม.ย.,2536,36,5632018,18,018,09,NA,NA,265,995,970,200,
1,เมษายน,เม.ย.,2536,36,5825558,58,558,89,NA,NA,859,255,060,217,
16,มีนาคม,มี.ค.,2536,36,7680699,99,699,98,NA,NA,554,547,731,509,
1,มีนาคม,มี.ค.,2536,36,4006281,81,281,19,NA,NA,449,968,065,492,
16,กุมภาพันธ์,ก.พ.,2536,36,7549455,55,455,41,NA,NA,165,031,850,034,
1,กุมภาพันธ์,ก.พ.,2536,36,7459337,37,337,21,NA,NA,171,767,507,986,
16,มกราคม,ม.ค.,2536,36,5423816,16,816,25,NA,NA,419,335,947,620,
30,ธันวาคม,ธ.ค.,2535,35,6662150,50,150,23,NA,NA,510,563,810,795,
16,ธันวาคม,ธ.ค.,2535,35,4826531,31,531,92,NA,NA,945,601,383,851,
1,ธันวาคม,ธ.ค.,2535,35,7120927,27,927,65,NA,NA,019,406,153,063,
16,พฤศจิกายน,พ.ย.,2535,35,3685682,82,682,45,NA,NA,223,632,049,295,
1,พฤศจิกายน,พ.ย.,2535,35,6267821,21,821,"35	",NA,NA,879,263,789,046,
16,ตุลาคม,ต.ค.,2535,35,3576993,93,993,79,NA,NA,412,312,037,964,
1,ตุลาคม,ต.ค.,2535,35,6379578,78,578,71,NA,NA,752,765,654,300,
16,กันยายน,ก.ย.,2535,35,6874108,08,108,88,NA,NA,221,127,030,623,
1,กันยายน,ก.ย.,2535,35,1446615,15,615,68,NA,NA,060,307,125,056,
16,สิงหาคม,ส.ค.,2535,35,6234607,07,607,91,NA,NA,978,251,422,151,
1,สิงหาคม,ส.ค.,2535,35,6697778,78,778,86,NA,NA,712,935,593,575,
16,กรกฎาคม,ก.ค.,2535,35,7954430,30,430,87,NA,NA,492,324,756,339,
1,กรกฎาคม,ก.ค.,2535,35,5119968,68,968,56,NA,NA,999,813,561,702,
16,มิถุนายน,มิ.ย,2535,35,5569432,32,432,92,NA,NA,392,880,914,221,
1,มิถุนายน,มิ.ย,2535,35,5184191,91,191,29,NA,NA,169,351,245,729,
16,พฤษภาคม,พ.ค.,2535,35,2827496,96,496,59,NA,NA,333,738,246,890,
2,พฤษภาคม,พ.ค.,2535,35,5765397,97,397,86,NA,NA,079,444,732,104,
16,เมษายน,เม.ย.,2535,35,2699374,74,374,10,NA,NA,836,662,139,325,
1,เมษายน,เม.ย.,2535,35,2244704,04,704,03,NA,NA,624,863,013,242,
16,มีนาคม,มี.ค.,2535,35,1218353,53,353,48,NA,NA,004,578,543,737,
1,มีนาคม,มี.ค.,2535,35,7291524,24,524,60,NA,NA,870,902,024,231,
16,กุมภาพันธ์,ก.พ.,2535,35,1868701,01,701,94,NA,NA,641,849,349,599,
1,กุมภาพันธ์,ก.พ.,2535,35,5986924,24,924,63,NA,NA,936,952,683,944,
16,มกราคม,ม.ค.,2535,35,1149428,28,428,18,NA,NA,034,543,672,132,
30,ธันวาคม,ธ.ค.,2534,34,3208301,01,301,76,NA,NA,318,087,182,917,
16,ธันวาคม,ธ.ค.,2534,34,7241436,36,436,88,NA,NA,613,667,717,597,
1,ธันวาคม,ธ.ค.,2534,34,1470741,41,741,05,NA,NA,540,794,006,602,
16,พฤศจิกายน,พ.ย.,2534,34,4373528,28,528,08,NA,NA,979,477,937,643,
1,พฤศจิกายน,พ.ย.,2534,34,7894285,85,285,78,NA,NA,516,537,183,272,
16,ตุลาคม,ต.ค.,2534,34,2078202,02,202,38,NA,NA,585,566,338,314,
1,ตุลาคม,ต.ค.,2534,34,2730444,44,444,96,NA,NA,978,318,977,928,
16,กันยายน,ก.ย.,2534,34,4790449,49,449,18,NA,NA,114,298,220,381,
1,กันยายน,ก.ย.,2534,34,6700430,30,430,49,NA,NA,081,237,661,119,
16,สิงหาคม,ส.ค.,2534,34,3746551,51,551,89,NA,NA,845,377,044,182,
1,สิงหาคม,ส.ค.,2534,34,6580541,41,541,11,NA,NA,459,509,753,947,
16,กรกฎาคม,ก.ค.,2534,34,1671946,46,946,62,NA,NA,822,846,951,882,
1,กรกฎาคม,ก.ค.,2534,34,4441724,24,724,58,NA,NA,771,134,196,766,
16,มิถุนายน,มิ.ย,2534,34,5364632,32,632,91,NA,NA,370,785,761,268,
1,มิถุนายน,มิ.ย,2534,34,2496376,76,376,77,NA,NA,318,303,485,804,
16,พฤษภาคม,พ.ค.,2534,34,2532303,03,303,63,NA,NA,931,269,688,802,
2,พฤษภาคม,พ.ค.,2534,34,4222124,24,124,63,NA,NA,536,296,630,836,
16,เมษายน,เม.ย.,2534,34,4824037,37,037,57,NA,NA,565,711,970,206,
1,เมษายน,เม.ย.,2534,34,1606864,64,864,03,NA,NA,819,416,103,008,
16,มีนาคม,มี.ค.,2534,34,5891641,41,641,59,NA,NA,540,715,527,866,
1,มีนาคม,มี.ค.,2534,34,4598076,76,076,72,NA,NA,950,783,676,928,
16,กุมภาพันธ์,ก.พ.,2534,34,3223780,80,780,33,NA,NA,992,658,242,596,
1,กุมภาพันธ์,ก.พ.,2534,34,5396496,96,496,75,NA,NA,079,455,458,087,
16,มกราคม,ม.ค.,2534,34,5328736,36,736,29,NA,NA,649,645,225,388,
30,ธันวาคม,ธ.ค.,2533,33,2190949,49,949,05,NA,NA,516,367,330,962,
16,ธันวาคม,ธ.ค.,2533,33,4407799,99,799,21,NA,NA,708,359,171,238,
1,ธันวาคม,ธ.ค.,2533,33,4771944,44,944,88,NA,NA,237,586,692,444,
16,พฤศจิกายน,พ.ย.,2533,33,1226536,36,536,06,NA,NA,426,020,721,050,
1,พฤศจิกายน,พ.ย.,2533,33,4380230,30,230,82,NA,NA,694,516,619,829,
16,ตุลาคม,ต.ค.,2533,33,5626303,03,303,56,NA,NA,351,928,923,431,
1,ตุลาคม,ต.ค.,2533,33,5738808,08,808,37,NA,NA,043,977,058,748,
16,กันยายน,ก.ย.,2533,33,5202390,90,390,55,NA,NA,461,211,085,747,
1,กันยายน,ก.ย.,2533,33,1622380,80,380,83,NA,NA,862,938,161,639,
16,สิงหาคม,ส.ค.,2533,33,1671935,35,935,43,NA,NA,325,746,361,644,
1,สิงหาคม,ส.ค.,2533,33,1867185,85,185,92,NA,NA,579,070,973,445,
16,กรกฎาคม,ก.ค.,2533,33,3814178,78,178,11,NA,NA,342,619,112,770,
1,กรกฎาคม,ก.ค.,2533,33,1076835,35,835,43,NA,NA,043,641,038,295,
16,มิถุนายน,มิ.ย,2533,33,3530344,44,344,65,NA,NA,878,144,198,371,
1,มิถุนายน,มิ.ย,2533,33,2355474,74,474,72,NA,NA,118,115,227,492,
16,พฤษภาคม,พ.ค.,2533,33,5071272,72,272,34,NA,NA,565,815,942,465,
2,พฤษภาคม,พ.ค.,2533,33,5898868,68,868,01,NA,NA,186,644,668,078,
16,เมษายน,เม.ย.,2533,33,5092890,90,890,84,NA,NA,664,059,912,489,
1,เมษายน,เม.ย.,2533,33,4734251,51,251,39,NA,NA,301,637,195,717,
16,มีนาคม,มี.ค.,2533,33,3240205,05,205,88,NA,NA,443,275,775,559,
1,มีนาคม,มี.ค.,2533,33,4968902,02,902,15,NA,NA,624,452,087,567,
16,กุมภาพันธ์,ก.พ.,2533,33,3732892,92,892,01,NA,NA,889,596,386,601,
1,กุมภาพันธ์,ก.พ.,2533,33,1078496,96,496,82,NA,NA,756,481,259,104,
16,มกราคม,ม.ค.,2533,33,3992239,39,239,97,NA,NA,898,234,288,284,
